category,mediaType,provider,query,reason
Anime,anime,jikan,Pluribus,no jikan match
Movies,movie,tmdb,Miracle sur la 8 Eme Rue (1987),no tmdb match
Movies,movie,tmdb,Miracle sur la 34 E Rue (1994),no tmdb match
Books/eBook,book,googlebooks,Mille Miles 172 Février-Mars (2026),no google books match
Anime,anime,jikan,Ludwig,no jikan match
Books/eBook,book,googlebooks,E Bike 53 Février-Mars (2026),no google books match
Movies,movie,tmdb,Dragon Quest The Adventure of Dai Rise Up The Disciples of Avan (1992),no tmdb match
Movies,movie,tmdb,Dragon Quest The Adventure of Dai Destroy the Enemy The New Six Great Generals (1992),no tmdb match
Books/eBook,book,googlebooks,Alpes Magazine Mars-Avril (2026),missing google books image
Musique,audio,theaudiodb,Imagine Dragons Evolve Deluxe (2017),no theaudiodb match
Movies,movie,tmdb,Meurtre Mysterieux a Manathan (1993),no tmdb match
Films,movie,tmdb,Sonic the Hedgehog 3 Hybrid,no tmdb match
Films,movie,tmdb,Sucker Punch Version Longue,no tmdb match
Films,movie,tmdb,Sucker Punch Version Longue,no tmdb match
Series,series,tmdb,Jigokuraku,no tmdb match
Audio,audio,theaudiodb,Callas Une vie d'art et d'amour (2004),no theaudiodb match
Livres,book,googlebooks,EBOOK Jeff Lindsay - Dexter LIntegrale epub,no google books match
Films,movie,tmdb,Rasta Rockett (1993),no tmdb match
Films,movie,tmdb,Rasta Rockett (1993),no tmdb match
Séries TV,series,tmdb,Shaman King UNCENSORED (2001),no tmdb match
Séries TV,series,tmdb,Shaman King UNCENSORED (2001),no tmdb match
Séries TV,series,tmdb,Shaman King UNCENSORED (2001),no tmdb match
Séries TV,series,tmdb,Shaman King UNCENSORED (2001),no tmdb match
Films,movie,tmdb,Dragon Quest Film 1 L Aventure De Dai (1991),no tmdb match
Audio,audio,theaudiodb,U2 Days Of Ash (2026),no theaudiodb match
eBook : Livres,book,googlebooks,Mélissa Da Costa Tout le bleu du ciel (2020),no google books match
Musique,audio,theaudiodb,Callas Une Vie D'art Et D'amour (2004),no theaudiodb match
Musique,audio,theaudiodb,All Them Witches-Dying Surfer Meets His Maker-24BIT-44 1KHZ-WEB (2015),no theaudiodb match
Musique,audio,theaudiodb,All Them Witches-Dying Surfer Meets His Maker-24BIT-44 1KHZ-WEB (2015),no theaudiodb match
Musique,audio,theaudiodb,All Them Witches-Dying Surfer Meets His Maker-24BIT-44 1KHZ-WEB (2015),no theaudiodb match
Musique,audio,theaudiodb,All Them Witches-Dying Surfer Meets His Maker-24BIT-44 1KHZ-WEB (2015),no theaudiodb match
eBook : Livres,book,googlebooks,La voie rubis (2017),missing google books image
eBook : Livres,book,googlebooks,Contact 01 - IF 837 (2014),no google books match
Musique,audio,theaudiodb,Neue Deutsche Kunst Keine Nichtmusik (2026),no theaudiodb match
Books,book,googlebooks,Tribune de Geneve 27 janv (2018),missing google books image
Books,book,googlebooks,Tribune de Geneve 19 janv (2018),missing google books image
Books,book,googlebooks,20 Minutes Lausanne 29 janv (2018),no google books match
Books,book,googlebooks,20 Minutes Lausanne 26 janv (2018),no google books match
Books,book,googlebooks,20 Minutes Lausanne 25 janv (2018),no google books match
Books,book,googlebooks,20 Minutes Lausanne 24 janv (2018),no google books match
Films & Vidéos,movie,tmdb,Tout Ce Que Vous Avez Toujours Voulu Savoir Sur Le Sexe Sans Jamais Oser Le Demander (1972),no tmdb match
Books,book,googlebooks,20 Minutes Lausanne 23 janv (2018),missing google books image
Books,book,googlebooks,20 Minutes Lausanne 19 janv (2018),missing google books image
Books,book,googlebooks,20 Minutes Lausanne 18 janv (2018),no google books match
Books,book,googlebooks,20 Minutes Lausanne 16 janv (2018),no google books match
Books,book,googlebooks,20 Minutes Lausanne 22 janv (2018),missing google books image
Films & Vidéos,movie,tmdb,Comedie Erotique D Une Nuit D Ete (1982),no tmdb match
Books,book,googlebooks,20 Minutes Lausanne 15 janv (2018),no google books match
Books,book,googlebooks,20 Minutes Geneve 30 janv (2018),no google books match
Books,book,googlebooks,20 Minutes Geneve 26 janv (2018),no google books match
Books,book,googlebooks,20 Minutes Geneve 31 janv (2018),no google books match
Musique,audio,theaudiodb,MAY A Goodbye (2026),no theaudiodb match
Books,book,googlebooks,20 Minutes Geneve 23 janv (2018),no google books match
Books,book,googlebooks,20 Minutes Geneve 24 janv (2018),no google books match
Books,book,googlebooks,20 Minutes Geneve 15 janv (2018),no google books match
Books,book,googlebooks,20 Minutes Geneve 16 janv (2018),no google books match
Audio : Musique,audio,theaudiodb,The Cars - Heartbeat City (1984),missing theaudiodb image
Anime,anime,jikan,WondLa,no jikan match
Musique,audio,theaudiodb,Joey Ferris Vinyl Redemption (2026),no theaudiodb match
Musique,audio,theaudiodb,JOHN LEE HOOKER DISCOGRAPHY (2026),no theaudiodb match
Films,movie,tmdb,Dragon Quest Film 2 Les Disciples D Avan (1992),no tmdb match
Films,movie,tmdb,Dragon Quest Film 3 Les Six Commandants Demonia (1992),no tmdb match
Musique,audio,theaudiodb,Joan Osborne Relish 20th Anniversary Edition (1995),no theaudiodb match
Audio : Musique,audio,theaudiodb,VA - Stoned,no theaudiodb match
Musique,audio,theaudiodb,Joan Osborne - Relish 20th Anniversary Edition (1995),no theaudiodb match
Musique,audio,theaudiodb,Joan Osborne - Relish 20th Anniversary Edition (1995),no theaudiodb match
Musique,audio,theaudiodb,Joan Osborne - Relish 20th Anniversary Edition (1995),no theaudiodb match
Musique,audio,theaudiodb,Joan Osborne - Relish 20th Anniversary Edition (1995),no theaudiodb match
Musique,audio,theaudiodb,Joan Osborne - Relish 20th Anniversary Edition (1995),no theaudiodb match
Musique,audio,theaudiodb,Joan Osborne - Relish 20th Anniversary Edition (1995),no theaudiodb match
Musique,audio,theaudiodb,Joan Osborne - Relish 20th Anniversary Edition (1995),no theaudiodb match
Musique,audio,theaudiodb,Equipe 84 Equipe 84 I Miti (1996),no theaudiodb match
Films,movie,tmdb,Club Prive Pour Couple Avertis (1974),no tmdb match
Series,series,tmdb,Shin Taketori Monogatari Sennen Joou,no tmdb match
Series,series,tmdb,Shin Taketori Monogatari Sennen Joou,no tmdb match
Series,series,tmdb,Shin Taketori Monogatari Sennen Joou,no tmdb match
Series,series,tmdb,Shin Taketori Monogatari Sennen Joou,no tmdb match
Audio : Musique,audio,theaudiodb,TIITOF - EN PÉTARD (2026),no theaudiodb match
Livres,book,googlebooks,Viveca Sten Les Secrets de l ile (2016),missing google books image
Livres,book,googlebooks,Olivier Bocquet Omnivore (2025),missing google books image
Livres,book,googlebooks,Olivier Bocquet Omnivore (2025),missing google books image
Livres,book,googlebooks,Olivier Bocquet Omnivore (2025),missing google books image
Livres,book,googlebooks,Olivier Bocquet Omnivore (2025),missing google books image
Livres,book,googlebooks,Olivier Bocquet Omnivore (2025),missing google books image
Livres,book,googlebooks,Olivier Bocquet Omnivore (2025),missing google books image
Livres,book,googlebooks,Olivier Bocquet Omnivore (2025),missing google books image
Livres,book,googlebooks,Olivier Bocquet Omnivore (2025),missing google books image
Livres,book,googlebooks,Olivier Bocquet Omnivore (2025),missing google books image
Films & Vidéos,movie,tmdb,49 Eme Parallele (1941),no tmdb match
Livres,book,googlebooks,Sarah Beth Durst La Petite Boutique de Sortilèges (2025),missing google books image
Livres,book,googlebooks,Sarah Beth Durst La Petite Boutique de Sortilèges (2025),missing google books image
Livres,book,googlebooks,Sarah Beth Durst La Petite Boutique de Sortilèges (2025),missing google books image
Livres,book,googlebooks,Sarah Beth Durst La Petite Boutique de Sortilèges (2025),missing google books image
Livres,book,googlebooks,Sarah Beth Durst La Petite Boutique de Sortilèges (2025),missing google books image
Livres,book,googlebooks,Sarah Beth Durst La Petite Boutique de Sortilèges (2025),missing google books image
Livres,book,googlebooks,Sarah Beth Durst La Petite Boutique de Sortilèges (2025),missing google books image
Livres,book,googlebooks,Sarah Beth Durst La Petite Boutique de Sortilèges (2025),missing google books image
Livres,book,googlebooks,Sarah Beth Durst La Petite Boutique de Sortilèges (2025),missing google books image
Livres,book,googlebooks,H V Gavriel Les Loups de Riverdance Lucas-T1 EPUB-NOTAG,missing google books image
Livres,book,googlebooks,H V Gavriel Les Loups de Riverdance Lucas-T1 EPUB-NOTAG,missing google books image
Livres,book,googlebooks,H V Gavriel Les Loups de Riverdance Lucas-T1 EPUB-NOTAG,missing google books image
Livres,book,googlebooks,H V Gavriel Les Loups de Riverdance Lucas-T1 EPUB-NOTAG,missing google books image
Livres,book,googlebooks,H V Gavriel Les Loups de Riverdance Lucas-T1 EPUB-NOTAG,missing google books image
Livres,book,googlebooks,H V Gavriel Les Loups de Riverdance Lucas-T1 EPUB-NOTAG,missing google books image
Livres,book,googlebooks,H V Gavriel Les Loups de Riverdance Lucas-T1 EPUB-NOTAG,missing google books image
Livres,book,googlebooks,H V Gavriel Les Loups de Riverdance Lucas-T1 EPUB-NOTAG,missing google books image
Livres,book,googlebooks,H V Gavriel Les Loups de Riverdance Lucas-T1 EPUB-NOTAG,missing google books image
Musique,audio,theaudiodb,JOHNNY HALLYDAY LES ALBUMS STUDIO (1961),no theaudiodb match
Audio : Musique,audio,theaudiodb,Weltliche Musik Im Christlichen Und Jüdischen Spanien Hespèrion XX CDrip (2026),no theaudiodb match
Film/Vidéo : Animation,anime,jikan,Dragonkeeper (2024),no jikan match
Film/Vidéo : Animation,anime,jikan,Dragonkeeper (2024),no jikan match
Audio : Musique,audio,theaudiodb,VA - Mastermix - DJ Beats Vol 160 (2026),no theaudiodb match
Films,movie,tmdb,Furiosa A Mad Max Saga Hybrid,no tmdb match
Films,movie,tmdb,Furiosa A Mad Max Saga Hybrid,no tmdb match
Films,movie,tmdb,Furiosa A Mad Max Saga Hybrid,no tmdb match
Films,movie,tmdb,Furiosa A Mad Max Saga Hybrid,no tmdb match
Films,movie,tmdb,Furiosa A Mad Max Saga Hybrid,no tmdb match
Films,movie,tmdb,Furiosa A Mad Max Saga Hybrid,no tmdb match
Films,movie,tmdb,Furiosa A Mad Max Saga Hybrid,no tmdb match
Films,movie,tmdb,Furiosa A Mad Max Saga Hybrid,no tmdb match
Audio : Musique,audio,theaudiodb,Geminiani – Cello Sonatas - Gaetano Nasillo - Jesper Christensen - Tobias Bonz (2011),no theaudiodb match
Series,series,tmdb,The Bordeline,no tmdb match
Films,movie,tmdb,Exodus Gods and Kings - VMSTM-AC,no tmdb match
Film/Vidéo : Emission TV,series,tmdb,Humour Et Insolence Apostrophes (1984),no tmdb match
eBook : Livres,book,googlebooks,Disney Enchanters-T1-La Bonne Fée- -ePub,no google books match
Musique,audio,theaudiodb,MICHAEL JACKSON DISCOGRAPHY (2026),no theaudiodb match
Livres,book,googlebooks,Don Winslow Le Casse Ultime (2026),no google books match
Musique,audio,theaudiodb,Ahmed Spins Anchor Point EP (2022),no theaudiodb match
Livres,book,googlebooks,Viveca Sten Les nuits de la Saint Jean (2015),missing google books image
Livres,book,googlebooks,Viveca Sten Du sang sur la Baltique (2014),missing google books image
Musique,audio,theaudiodb,Schubert Pieces Pour Piano Moments Musicaux (1992),no theaudiodb match
Audio : Musique,audio,theaudiodb,Cephalization - Just a blink of an Eye (2026),no theaudiodb match
Audio : Musique,audio,theaudiodb,Caterina Valente International Hi-Fi Nightingale (2014),no theaudiodb match
Musique,audio,theaudiodb,COLUCHE DISCOGRAPHY (2022),no theaudiodb match
Series,series,tmdb,The Bordeline,no tmdb match
Musique,audio,theaudiodb,Belzebong The End Is High (2026),no theaudiodb match
Books,book,googlebooks,Historia Magazine,missing google books image
Books,book,googlebooks,Historia Magazine,missing google books image
Musique,audio,theaudiodb,Angelo Repetto Between Worlds Interference (2026),no theaudiodb match
Audio : Musique,audio,theaudiodb,Nils Petter Molvaer- Remakes - -ASTRA,no theaudiodb match
Audio : Musique,audio,theaudiodb,Nils Petter Molvaer - Edy -ASTRA,no theaudiodb match
Musique,audio,theaudiodb,White Elephant World Elephant Day (2026),no theaudiodb match
Musique,audio,theaudiodb,The Ink Spots Street Of Dreams (2026),no theaudiodb match
Musique,audio,theaudiodb,Sidewinder Atlantis (2026),no theaudiodb match
Musique,audio,theaudiodb,Santana Warsaw (1994),no theaudiodb match
Audio : Musique,audio,theaudiodb,Black Bomb A Unbuild The World (2024),no theaudiodb match
Musique,audio,theaudiodb,Pierre Perret Chansons éroticoquines (1995),no theaudiodb match
Musique,audio,theaudiodb,Mikel Bluni Just Now! (2026),no theaudiodb match
Books/eBook,book,googlebooks,Pierre Madelin Apres le capitalisme,no google books match
Books/eBook,book,googlebooks,Saul Pandelakis La sequence Aardtman,no google books match
Books/eBook,book,googlebooks,Glen James Brown Mother Naked,no google books match
Books/eBook,book,googlebooks,Nicola Griffith Spear,no google books match
Books/eBook,book,googlebooks,Colson Whitehead The Nickel Boys,missing google books image
Movies,movie,tmdb,La Vengance Du Dragon Noir (1968),no tmdb match
Books/eBook,book,googlebooks,Sandra Lucbert Personne ne sort les fusils EPUB (2020),no google books match
Audio,audio,theaudiodb,Supreme NTM-L'Integrale (2008),no theaudiodb match
Audio,audio,theaudiodb,Alliance Ethnik-Discographie Studio- -Kaa7,no theaudiodb match
Audio,audio,theaudiodb,Va-Nova Danse (2020),no theaudiodb match
Audio,audio,theaudiodb,VA-Nova Danse (2018),no theaudiodb match
Musique,audio,theaudiodb,VA-Nova Rare Groove Reggae Vol 1 a 5 (2007),no theaudiodb match
Musique,audio,theaudiodb,VA Jet Set Radio OST (2000),no theaudiodb match
Movies,movie,tmdb,Meme Heure l Annee Prochaine (1978),no tmdb match
Audio : Musique,audio,theaudiodb,VA - Les plus belles chansons françaises (1991),no theaudiodb match
Emission,series,tmdb,Une Fois Que Tu Sais DOC (2021),no tmdb match
Audio,audio,theaudiodb,KC L M N O P (1996),no theaudiodb match
Audio,audio,theaudiodb,Jamiroquai-Discographie Studio- -NOTAG,no theaudiodb match
Audio : Musique,audio,theaudiodb,Paco de Lucia - Fuente y Caudal,missing theaudiodb image
Audio : Musique,audio,theaudiodb,Black Bomb A Black Bomb A (2018),no theaudiodb match
Audio : Musique,audio,theaudiodb,Carcariass E-Xtinction (2009),no theaudiodb match
Audio : Musique,audio,theaudiodb,Carlos Santana - Havana Moon (1983),missing theaudiodb image
Musique,audio,theaudiodb,Fatoumata Diawara Maliba (2022),no theaudiodb match
Musique,audio,theaudiodb,Magda Mayas Filamental Murmur (2026),no theaudiodb match
Musique,audio,theaudiodb,Incandescence Hors Temps (2026),no theaudiodb match
Musique,audio,theaudiodb,Hannah Marshall Grazing (2026),no theaudiodb match
eBook : Livres,book,googlebooks,Chroniques Oubliées Fantasy: Vengeance- Extension 1 -PDF,missing google books image
Musique,audio,theaudiodb,Chris Kroeze Even Rednecks Get The Blues (2026),no theaudiodb match
Musique,audio,theaudiodb,Bohannon Too Hot To Hold (2026),no theaudiodb match
Emission,series,tmdb,Star Wars L Empire Des Reves Making Of DOC (2004),no tmdb match
Musique,audio,theaudiodb,Walter Adams This Is Bluegrass (2026),no theaudiodb match
Audio : Musique,audio,theaudiodb,"Mnemic, Mnemesis (2012)",missing theaudiodb image
Audio : Musique,audio,theaudiodb,"Mnemic, Sons Of The System (2010)",missing theaudiodb image
Musique,audio,theaudiodb,Phish New Years Eve (1993),no theaudiodb match
Films,movie,tmdb,JFK Director's Cut,no tmdb match
Audio : Musique,audio,theaudiodb,Amr Diab - Meaddy El Nas (2017),no theaudiodb match
Audio : Musique,audio,theaudiodb,Amr Diab - Kol Hayaty (2018),no theaudiodb match
Audio : Musique,audio,theaudiodb,Jamiroquai - Emergency on Planet Earth (1993),missing theaudiodb image
Audio : Musique,audio,theaudiodb,Zenzile - Meet Sir Jean (2011),no theaudiodb match
Audio : Musique,audio,theaudiodb,Zenzile - Sachem in Salem (1999),missing theaudiodb image
Audio : Musique,audio,theaudiodb,Art Pepper - Les Geants Du Jazz - Echoes Of The Westcoast (2024),no theaudiodb match
Audio : Musique,audio,theaudiodb,Watermelon Club (1998),no theaudiodb match
Audio : Musique,audio,theaudiodb,George Frideric Handel – Winged Hands - The Eight Great Suites & Overtures - Francesco Corti (2022),no theaudiodb match
Audio : Musique,audio,theaudiodb,Tindersticks - Waiting for the Moon (2003),missing theaudiodb image
Audio : Musique,audio,theaudiodb,Ray Charles - Bitter Sweetness of a Blues Genius,no theaudiodb match
Films,movie,tmdb,Franklyn RE,no tmdb match
Films,movie,tmdb,Evil Dead Rise Hybrid,no tmdb match
Films,movie,tmdb,Evil Dead II v2,no tmdb match
Films,movie,tmdb,Evil Dead Theatrical,no tmdb match
eBook : Livres,book,googlebooks,Dictionnaire du diable et de la démonologie - R Villeneuve J Tondriau - CBZ,no google books match
Books,book,googlebooks,Richard Rubin Back Over There One American Time-Traveler 100 Years Since the Great War 500 Miles of Battle-Scarred Countryside and Too Many Trenches Shells Legends and Ghosts to Count (2017),no google books match
Films,movie,tmdb,Crash UNRATED,no tmdb match
Films,movie,tmdb,Basic Instinct Unrated Directors Cut,no tmdb match
Books,book,googlebooks,Peter Steiner A Country Murder A Novel (2007),no google books match
Film/Vidéo : Emission TV,series,tmdb,LES VENDREDIS CORMIER-DENIS (2026),no tmdb match
Film/Vidéo : Emission TV,series,tmdb,TMC Quotidien (2026),no tmdb match
Séries,series,tmdb,Bleach Thousand-Year Blood War Part 2,no tmdb match
Films,movie,tmdb,The Beekeeper Hybrid,no tmdb match
Films,movie,tmdb,Thunderbolts Hybrid,no tmdb match
Livres,book,googlebooks,B R Bruss 54 Romans Sf Ebook Epub-Notag,missing google books image
Séries,series,tmdb,The Bordeline,no tmdb match
Séries,series,tmdb,B R I,no tmdb match
Livres,book,googlebooks,Pack 50 Ebook SF Fantasy Janvier (2026),no google books match
Séries,series,tmdb,The Bordeline,no tmdb match
